<?xml version="1.0" encoding="UTF-8" ?>
<extension version="3.7" type="plugin" group="system" method="upgrade">
	<name>System - Meta Indicator</name>
	<author>Inter-Net PRO</author>
	<creationDate>January 2019</creationDate>
	<copyright>� 2019 Inter-Net PRO.</copyright>
	<license>GNU General Public License version 2 or later</license>
	<authorEmail>admin@inter-net.pro</authorEmail>
	<authorUrl>https://inter-net.pro</authorUrl>
	<version>1.0.1</version>
	<description>PLG_META_INDICATOR_DESCRIPTION</description>
	<files>
		<filename plugin="meta_indicator">meta_indicator.php</filename>
		<filename>index.html</filename>
		<filename>README.md</filename>
		<filename>license</filename>
		<folder>css</folder>
		<folder>js</folder>
	</files>

	<languages folder="language">
		<language tag="en-GB">en-GB/en-GB.plg_system_meta_indicator.ini</language>
		<language tag="en-GB">en-GB/en-GB.plg_system_meta_indicator.sys.ini</language>
		<language tag="ru-RU">ru-RU/ru-RU.plg_system_meta_indicator.ini</language>
		<language tag="ru-RU">ru-RU/ru-RU.plg_system_meta_indicator.sys.ini</language>
	</languages>

	<config>
		<fields name="params">
			<fieldset name="basic">
				<field name="minMetaDescription" type="number"
					label="PLG_META_INDICATOR_MINDESC"
					description="PLG_META_INDICATOR_MINDESC_DESCRIPTION"
					default="140" min="0" step="1" />

				<field name="maxMetaDescription" type="number"
					label="PLG_META_INDICATOR_MAXDESC"
					description="PLG_META_INDICATOR_MAXDESC_DESCRIPTION"
					default="160" min="0" step="1" />

				<field name="noteTitleArticle" type="note" label="PLG_META_INDICATOR_TITLE_ARTICLE" />

				<field name="titleArticle" type="radio"
					label="PLG_META_INDICATOR_TITLE_ARTICLE_LABEL"
					description="PLG_META_INDICATOR_TITLE_ARTICLE_DESCRIPTION"
					default="1"
					class="btn-group btn-group-yesno">
						<option value="1">JYES</option>
						<option value="0">JNO</option>
				</field>

				<field name="minTitleArticle" type="number"
					label="PLG_META_INDICATOR_MIN_TITLE"
					description=""
					default="40" min="0" step="1" showon="titleArticle:1" />

				<field name="maxTitleArticle" type="number"
					label="PLG_META_INDICATOR_MAX_TITLE"
					description=""
					default="60" min="0" step="1" showon="titleArticle:1" />
				
				<field name="noteTitleCategory" type="note" label="PLG_META_INDICATOR_TITLE_CATEGORY" />

				<field name="titleCategory" type="radio"
					label="PLG_META_INDICATOR_TITLE_CATEGORY_LABEL"
					description="PLG_META_INDICATOR_TITLE_CATEGORY_DESCRIPTION"
					default="1"
					class="btn-group btn-group-yesno">
						<option value="1">JYES</option>
						<option value="0">JNO</option>
				</field>

				<field name="minTitleCategory" type="number"
					label="PLG_META_INDICATOR_MIN_TITLE"
					description=""
					default="40" min="0" step="1" showon="titleCategory:1" />

				<field name="maxTitleCategory" type="number"
					label="PLG_META_INDICATOR_MAX_TITLE"
					description=""
					default="60" min="0" step="1" showon="titleCategory:1" />
				
				<field name="noteTitleMenu" type="note" label="PLG_META_INDICATOR_TITLE_MENU" />

				<field name="titleMenu" type="radio"
					label="PLG_META_INDICATOR_TITLE_MENU_LABEL"
					description="PLG_META_INDICATOR_TITLE_MENU_DESCRIPTION"
					default="0"
					class="btn-group btn-group-yesno">
						<option value="1">JYES</option>
						<option value="0">JNO</option>
				</field>

				<field name="minTitleMenu" type="number"
					label="PLG_META_INDICATOR_MIN_TITLE"
					description=""
					default="3" min="0" step="1" showon="titleMenu:1" />

				<field name="maxTitleMenu" type="number"
					label="PLG_META_INDICATOR_MAX_TITLE"
					description=""
					default="20" min="0" step="1" showon="titleMenu:1" />
			</fieldset>
		</fields>
	</config>

	<updateservers>
		<server type="extension" enabled="1" element="plg_meta_indicator" name="System - Meta Indicator">https://raw.githubusercontent.com/Inter-Net-Pro/plg_meta_indicator/master/update.xml</server>
	</updateservers>

</extension>
