<?xml version="1.0" encoding="utf-8"?>
<extension type="module" version="3.1" client="site" method="upgrade">
	<name>Holidays</name>
	<author>Inter-Net PRO</author>
	<creationDate>December 2018</creationDate>
	<copyright>© 2018 Inter-Net PRO.</copyright>
	<license>GNU General Public License version 2 or later</license>
	<authorEmail>admin@inter-net.pro</authorEmail>
	<authorUrl>https://inter-net.pro</authorUrl>
	<version>1.1.1</version>
	<description>MOD_HOLIDAYS_XML_DESCRIPTION</description>
	<files>
		<filename module="mod_holidays">mod_holidays.php</filename>
		<filename>index.html</filename>
		<folder>assets</folder>
		<folder>media</folder>
		<folder>tmpl</folder>
		<filename>helper.php</filename>
	</files>

	<languages>
		<language tag="en-GB">language/en-GB/en-GB.mod_holidays.ini</language>
		<language tag="en-GB">language/en-GB/en-GB.mod_holidays.sys.ini</language>
		<language tag="ru-RU">language/ru-RU/ru-RU.mod_holidays.ini</language>
		<language tag="ru-RU">language/ru-RU/ru-RU.mod_holidays.sys.ini</language>
	</languages>

	<config>
		<fields name="params">
			<fieldset name="basic">

				<field
					name="type" type="radio"
					label="MOD_HOLIDAYS_FIELD_TYPE"
					description="MOD_HOLIDAYS_FIELD_TYPE_DESC"
					class="btn-group btn-group-yesno"
					default="garland"
					>

					<option value="garland">MOD_HOLIDAYS_FIELD_TYPE_GARLAND</option>
					<option value="halloween">Хэллоуин</option>
				</field>

				<field
					name="snowShow" type="radio"
					label="MOD_HOLIDAYS_FIELD_SNOWSHOW"
					description="MOD_HOLIDAYS_FIELD_SNOWSHOW_DESC"
					class="btn-group btn-group-yesno"
					showon="type:garland"
					default="0"
					>

					<option value="1">JYES</option>
					<option value="0">JNO</option>
				</field>
				
				<field name="note1" type="note"
					label="Настройки снега"
					description="Настройте вид снежинок и поведение падающего снега"
					showon="type:garland[AND]snowShow:1" />
				
				<field
					name="snowCharacter" type="radio"
					label="MOD_HOLIDAYS_FIELD_SNOWCHARACTER"
					description="MOD_HOLIDAYS_FIELD_SNOWCHARACTER_DESC"
					class="btn-group btn-group-yesno"
					showon="type:garland[AND]snowShow:1"
					default="&amp;bull;" >
					
					<option value="❄">❄</option>
					<option value="❅">❅</option>
					<option value="❆">❆</option>
					<option value="&amp;bull;">&amp;bull;</option>
				</field>
				
				<field name="snowColor" type="color"
					label="MOD_HOLIDAYS_FIELD_SNOWCOLOR"
					description="MOD_HOLIDAYS_FIELD_SNOWCOLOR_DESC"
					showon="type:garland[AND]snowShow:1"
					 default="#4286f4"
				/>
				
				<field
					name="flakesMax" type="text"
					label="MOD_HOLIDAYS_FIELD_FLAKESMAX"
					description="MOD_HOLIDAYS_FIELD_FLAKESMAX_DESC"
					showon="type:garland[AND]snowShow:1"
					default="128"
				/>

				<field
					name="flakesMaxActive" type="text"
					label="MOD_HOLIDAYS_FIELD_FLAKESMAXACTIVE"
					description="MOD_HOLIDAYS_FIELD_FLAKESMAXACTIVE_DESC"
					showon="type:garland[AND]snowShow:1"
					default="64"
				/>

				<field
					name="animationInterval" type="text"
					label="MOD_HOLIDAYS_FIELD_ANIMATIONINTERVAL"
					description="MOD_HOLIDAYS_FIELD_ANIMATIONINTERVAL_DESC"
					showon="type:garland[AND]snowShow:1"
					default="33"
				/>

				<field
					name="followMouse" type="radio"
					label="MOD_HOLIDAYS_FIELD_FOLLOWMOUSE"
					description="MOD_HOLIDAYS_FIELD_FOLLOWMOUSE_DESC"
					class="btn-group btn-group-yesno"
					showon="type:garland[AND]snowShow:1"
					default="0"
					>

					<option value="1">JYES</option>
					<option value="0">JNO</option>
				</field>

				

				<field
					name="snowStick" type="radio"
					label="MOD_HOLIDAYS_FIELD_SNOWSTICK"
					description="MOD_HOLIDAYS_FIELD_SNOWSTICK_DESC"
					class="btn-group btn-group-yesno"
					showon="type:garland[AND]snowShow:1"
					default="1"
					>

					<option value="1">JYES</option>
					<option value="0">JNO</option>
				</field>
				
				<field
					name="addCustomCSS" type="radio"
					label="Добавить пользовательский CSS"
					description="MOD_HOLIDAYS_FIELD_FOLLOWMOUSE_DESC"
					class="btn-group btn-group-yesno"
					showon="type:garland"
					default="0"
					>

					<option value="1">JYES</option>
					<option value="0">JNO</option>
				</field>
				
				<field name="note21" type="note"
					label="Пользовательский CSS"
					description="Внесённые ниже CSS-стили будут выводится на сайте только при включённой гирлянде."
					showon="type:garland[AND]addCustomCSS:1"
				/>
				
				<field name="customCSS" type="editor"
					label="Пользовательский CSS"
					description=""
					showon="type:garland[AND]addCustomCSS:1"
					editor="CodeMirror"
					filter="safehtml" />
					
				
				
				<field name="noteHalloween" type="note"
					class="alert"
					label="halloween"
					description="Так как до следующего хэлловина ещё далеко, данный присет находится в разработке, но уже можно включить и посмотреть на летающих по странице сайта летучих мышей"
					showon="type:halloween"
				/>
			</fieldset>
		</fields>
	</config>

	<updateservers>
		<server type="extension" priority="1" name="Module Holidays for Joomla">https://raw.githubusercontent.com/Inter-Net-Pro/Holidays/master/update.xml</server>
	</updateservers>
</extension>