<?xml version="1.0" encoding="utf-8"?>
<extension type="module" version="3.1" client="site" method="upgrade">
	<name>Holidays</name>
	<author>Inter-Net PRO</author>
	<creationDate>December 2018</creationDate>
	<copyright>© 2018 Inter-Net PRO.</copyright>
	<license>GNU General Public License v3.0</license>
	<authorEmail>admin@inter-net.pro</authorEmail>
	<authorUrl>https://inter-net.pro</authorUrl>
	<version>1.0.0</version>
	<description>MOD_HOLIDAYS_XML_DESCRIPTION</description>
	<files>
		<filename module="mod_holidays">mod_holidays.php</filename>
		<filename>index.html</filename>
		<folder>assets</folder>
		<folder>media</folder>
		<folder>tmpl</folder>
		<filename>helper.php</filename>
	</files>

	<languages>
		<language tag="en-GB">language/en-GB/en-GB.mod_holidays.ini</language>
		<language tag="en-GB">language/en-GB/en-GB.mod_holidays.sys.ini</language>
		<language tag="ru-RU">language/ru-RU/ru-RU.mod_holidays.ini</language>
		<language tag="ru-RU">language/ru-RU/ru-RU.mod_holidays.sys.ini</language>
	</languages>

	<config>
		<fields name="params">
			<fieldset name="basic">

				<field
					name="type" type="radio"
					label="MOD_HOLIDAYS_FIELD_TYPE"
					description="MOD_HOLIDAYS_FIELD_TYPE_DESC"
					class="btn-group btn-group-yesno"
					default="garland"
					>

					<option value="garland">MOD_HOLIDAYS_FIELD_TYPE_GARLAND</option>
					<option value="none">Ничего</option>
				</field>

				<field
					name="snowShow" type="list"
					label="MOD_HOLIDAYS_FIELD_SNOWSHOW"
					description="MOD_HOLIDAYS_FIELD_SNOWSHOW_DESC"
					showon="type:garland"
					default="0"
					>

					<option value="1">JYES</option>
					<option value="0">JNO</option>
				</field>

				<field
					name="snowType" type="radio"
					label="MOD_HOLIDAYS_FIELD_SNOWTYPE"
					description="MOD_HOLIDAYS_FIELD_SNOWTYPE_DESC"
					class="btn-group btn-group-yesno"
					showon="type:garland[AND]snowShow:1"
					default="css"
					>

					<option value="js">JS</option>
					<option value="css">CSS</option>
				</field>

				<field
					name="flakesMax" type="text"
					label="MOD_HOLIDAYS_FIELD_FLAKESMAX"
					description="MOD_HOLIDAYS_FIELD_FLAKESMAX_DESC"
					showon="type:garland[AND]snowShow:1[AND]snowType:js"
					default="128"
				/>

				<field
					name="flakesMaxActive" type="text"
					label="MOD_HOLIDAYS_FIELD_FLAKESMAXACTIVE"
					description="MOD_HOLIDAYS_FIELD_FLAKESMAXACTIVE_DESC"
					showon="type:garland[AND]snowShow:1[AND]snowType:js"
					default="64"
				/>

				<field
					name="animationInterval" type="text"
					label="MOD_HOLIDAYS_FIELD_ANIMATIONINTERVAL"
					description="MOD_HOLIDAYS_FIELD_ANIMATIONINTERVAL_DESC"
					showon="type:garland[AND]snowShow:1[AND]snowType:js"
					default="33"
				/>

				<field
					name="followMouse" type="list"
					label="MOD_HOLIDAYS_FIELD_FOLLOWMOUSE"
					description="MOD_HOLIDAYS_FIELD_FOLLOWMOUSE_DESC"
					showon="type:garland[AND]snowShow:1[AND]snowType:js"
					default="0"
					>

					<option value="1">JYES</option>
					<option value="0">JNO</option>
				</field>

				<field
					name="snowColor" type="text"
					label="MOD_HOLIDAYS_FIELD_SNOWCOLOR"
					description="MOD_HOLIDAYS_FIELD_SNOWCOLOR_DESC"
					showon="type:garland[AND]snowShow:1[AND]snowType:js"
					default="#fff"
				/>

				<field
					name="snowCharacter" type="text"
					label="MOD_HOLIDAYS_FIELD_SNOWCHARACTER"
					description="MOD_HOLIDAYS_FIELD_SNOWCHARACTER_DESC"
					showon="type:garland[AND]snowShow:1[AND]snowType:js"
					default="&amp;bull;"
				/>

				<field
					name="snowStick" type="list"
					label="MOD_HOLIDAYS_FIELD_SNOWSTICK"
					description="MOD_HOLIDAYS_FIELD_SNOWSTICK_DESC"
					showon="type:garland[AND]snowShow:1[AND]snowType:js"
					default="1"
					>

					<option value="1">JYES</option>
					<option value="0">JNO</option>
				</field>


				<field
					name="snowCssColor" type="radio"
					label="MOD_HOLIDAYS_FIELD_SNOWCSSCOLOR"
					description="MOD_HOLIDAYS_FIELD_SNOWCSSCOLOR_DESC"
					class="btn-group btn-group-yesno"
					showon="type:garland[AND]snowShow:1[AND]snowType:css"
					default="blue"
					>

					<option value="white">MOD_HOLIDAYS_FIELD_SNOWCSSCOLOR_WHITE</option>
					<option value="blue">MOD_HOLIDAYS_FIELD_SNOWCSSCOLOR_BLUE</option>
				</field>

			</fieldset>
		</fields>
	</config>

	<updateservers>
		<server type="extension" priority="1" name="Module Holidays for Joomla">https://raw.githubusercontent.com/Inter-Net-Pro/Holidays/master/update.xml</server>
	</updateservers>
</extension>